{"cameraMode":{"drawMode":0,"name":"Shaded","section":"Shading Mode"},"sceneLighting":false,"audioPlay":false,"sceneViewState":{"m_AlwaysRefresh":false,"showFog":true,"showSkybox":false,"showFlares":true,"showImageEffects":true,"showParticleSystems":true,"showVisualEffectGraphs":true,"m_FxEnabled":true},"in2DMode":false,"pivot":{"x":9.9874849319458,"y":0.9930874109268189,"z":1.2111419439315797},"rotation":{"x":0.0149942422285676,"y":-0.026697393506765367,"z":-0.0004007004317827523,"w":-0.9995369911193848},"size":1.8500529527664185,"orthographic":false}