{"cameraMode":{"drawMode":0,"name":"Shaded","section":"Shading Mode"},"sceneLighting":false,"audioPlay":false,"sceneViewState":{"m_AlwaysRefresh":false,"showFog":true,"showSkybox":false,"showFlares":true,"showImageEffects":true,"showParticleSystems":true,"showVisualEffectGraphs":true,"m_FxEnabled":true},"in2DMode":false,"pivot":{"x":11.234561920166016,"y":-0.016738740727305414,"z":-0.08108309656381607},"rotation":{"x":0.006933235563337803,"y":0.7509755492210388,"z":0.007885589264333249,"w":-0.6602585315704346},"size":0.37257301807403567,"orthographic":false}