{"cameraMode":{"drawMode":0,"name":"Shaded","section":"Shading Mode"},"sceneLighting":true,"audioPlay":false,"sceneViewState":{"m_AlwaysRefresh":false,"showFog":true,"showSkybox":true,"showFlares":true,"showImageEffects":true,"showParticleSystems":true,"showVisualEffectGraphs":true,"m_FxEnabled":true},"in2DMode":false,"pivot":{"x":6.8211212158203129,"y":7.906898021697998,"z":-3.488614082336426},"rotation":{"x":-0.03929871320724487,"y":0.006591624114662409,"z":-0.0002593031676951796,"w":-0.9992064833641052},"size":8.146271705627442,"orthographic":false}