{"cameraMode":{"drawMode":0,"name":"Shaded","section":"Shading Mode"},"sceneLighting":true,"audioPlay":false,"sceneViewState":{"m_AlwaysRefresh":false,"showFog":true,"showSkybox":true,"showFlares":true,"showImageEffects":true,"showParticleSystems":true,"showVisualEffectGraphs":true,"m_FxEnabled":true},"in2DMode":false,"pivot":{"x":1.824414849281311,"y":7.454436779022217,"z":3.785508394241333},"rotation":{"x":0.05516115948557854,"y":0.006586732808500528,"z":0.000363797735190019,"w":-0.9984575510025024},"size":8.840980529785157,"orthographic":false}