{"cameraMode":{"drawMode":0,"name":"Shaded","section":"Shading Mode"},"sceneLighting":false,"audioPlay":false,"sceneViewState":{"m_AlwaysRefresh":false,"showFog":true,"showSkybox":false,"showFlares":true,"showImageEffects":true,"showParticleSystems":true,"showVisualEffectGraphs":true,"m_FxEnabled":true},"in2DMode":false,"pivot":{"x":10.51822280883789,"y":3.7057414054870607,"z":13.808119773864746},"rotation":{"x":-0.05214400216937065,"y":-0.02964373677968979,"z":-0.0015491771046072245,"w":0.9982039332389832},"size":9.703192710876465,"orthographic":false}