{"cameraMode":{"drawMode":0,"name":"Shaded","section":"Shading Mode"},"sceneLighting":false,"audioPlay":false,"sceneViewState":{"m_AlwaysRefresh":false,"showFog":true,"showSkybox":false,"showFlares":true,"showImageEffects":true,"showParticleSystems":true,"showVisualEffectGraphs":true,"m_FxEnabled":true},"in2DMode":false,"pivot":{"x":-4.602814674377441,"y":0.373342901468277,"z":10.000266075134278},"rotation":{"x":-0.01641366071999073,"y":0.10181009024381638,"z":0.0016794685507193208,"w":0.9946704506874085},"size":0.80185866355896,"orthographic":false}