{"cameraMode":{"drawMode":0,"name":"Shaded","section":"Shading Mode"},"sceneLighting":false,"audioPlay":false,"sceneViewState":{"m_AlwaysRefresh":false,"showFog":true,"showSkybox":false,"showFlares":true,"showImageEffects":true,"showParticleSystems":true,"showVisualEffectGraphs":true,"m_FxEnabled":true},"in2DMode":false,"pivot":{"x":19.94971466064453,"y":0.6717382073402405,"z":-0.10251426696777344},"rotation":{"x":0.055161118507385257,"y":0.0065867179073393349,"z":0.0003637962799984962,"w":-0.998457133769989},"size":0.9482553601264954,"orthographic":false}