{"cameraMode":{"drawMode":0,"name":"Shaded","section":"Shading Mode"},"sceneLighting":true,"audioPlay":false,"sceneViewState":{"m_AlwaysRefresh":false,"showFog":true,"showSkybox":true,"showFlares":true,"showImageEffects":true,"showParticleSystems":true,"showVisualEffectGraphs":true,"m_FxEnabled":true},"in2DMode":false,"pivot":{"x":-0.2977522015571594,"y":3.621647596359253,"z":0.22174488008022309},"rotation":{"x":-0.12889519333839417,"y":0.028850510716438295,"z":-0.0037511936388909818,"w":-0.9912326335906982},"size":12.12435531616211,"orthographic":false}