{"cameraMode":{"drawMode":0,"name":"Shaded","section":"Shading Mode"},"sceneLighting":false,"audioPlay":false,"sceneViewState":{"m_AlwaysRefresh":false,"showFog":true,"showSkybox":false,"showFlares":true,"showImageEffects":true,"showParticleSystems":true,"showVisualEffectGraphs":true,"m_FxEnabled":true},"in2DMode":false,"pivot":{"x":-3.7984461784362795,"y":1.1368069648742676,"z":15.560887336730957},"rotation":{"x":0.01318015344440937,"y":0.21634848415851594,"z":0.002920807572081685,"w":-0.9762303829193115},"size":5.196152210235596,"orthographic":false}