{"cameraMode":{"drawMode":0,"name":"Shaded","section":"Shading Mode"},"sceneLighting":true,"audioPlay":false,"sceneViewState":{"m_AlwaysRefresh":false,"showFog":true,"showSkybox":true,"showFlares":true,"showImageEffects":true,"showParticleSystems":true,"showVisualEffectGraphs":true,"m_FxEnabled":true},"in2DMode":false,"pivot":{"x":15.323923110961914,"y":-6.069223403930664,"z":21.907651901245118},"rotation":{"x":0.1748134046792984,"y":0.46172523498535159,"z":-0.09335672855377197,"w":0.8646038174629211},"size":16.40812110900879,"orthographic":false}